brand,detection
Olleh,10.9375
Yamaha,10.953125
U+tv,14.087890625
Apple,14.265625
Sony,15.0
Btv,16.0
XBOX,16.45263671875
DirecTV,18.8125
Dish,19.28125
Roku,19.68603515625
Samsung,21.78125
Oppo,21.984375
Amazon,25.46875
